Frequency_Hz,Epsilon_Real,Epsilon_Imag,Real_Uncertainty,Imag_Uncertainty
500000000,59.8557455328204,38.9945145326898,0.659431781254474,0.704055978640688
512000000,59.8351399580846,38.2242778875108,0.946425064969917,0.698804729047625
524000000,59.8144565995194,37.4743970476396,0.899119525443365,0.651742115209123
536000000,59.7936954571248,36.7448720130761,0.771758374973745,0.548266314737271
548000000,59.7728565309008,36.0357027838203,0.635724709194582,0.650167858140833
560000000,59.7519398208475,35.3468893598722,0.525747313033591,0.659018288264024
572000000,59.7309453269648,34.6784317412318,0.656312217690088,0.754771792018472
584000000,59.7098730492527,34.0303299278991,0.563872945750044,0.590088057048172
596000000,59.6887229877113,33.4025839198742,0.764768913488297,0.538207021594625
608000000,59.6674951423405,32.7951937171569,0.637664392237639,0.72831977459751
620000000,59.6461895131403,32.2081593197474,0.543836974567341,0.62595535923251
632000000,59.6248061001108,31.6414807276456,0.45765592418296,0.688792586338495
644000000,59.6033449032519,31.0951579408515,0.586637614663245,0.751080644916393
656000000,59.5818059225636,30.5691909593651,0.488732848354672,0.658434867072716
668000000,59.5601891580459,30.0635797831864,0.606610928314712,0.704617118915172
680000000,59.5384946096989,29.5783244123155,0.590304115992779,0.766947115076626
692000000,59.5299961834566,29.1376779140614,0.564864804245612,0.781988957895888
704000000,59.499265531731,28.7024666492971,0.433553662650176,0.798324109511678
716000000,59.4642240477219,28.2872096989407,0.448437535023023,0.77773956685253
728000000,59.4333521575917,27.8970122496602,0.376493089080521,0.562007862234951
740000000,59.4207507310729,27.5135737031364,0.333047996847342,0.432209512072608
752000000,59.4079318311837,27.1654989036732,0.375444991679584,0.183261542193104
764000000,59.4065867342056,26.8268949907741,0.354384063260764,0.252016923119032
776000000,59.3889826456154,26.5250590221131,0.674831062051735,0.299236723995129
788000000,59.3601623940321,26.212273018953,0.821388175553186,0.244012350152373
800000000,59.3456297616058,25.8971761943466,0.878879096136423,0.240338816525452
812000000,59.3228874099103,25.6047062656434,1.04749269868057,0.445340619108792
824000000,59.3092955936242,25.3185471973104,0.93501234503894,0.515877409833542
836000000,59.3106320578421,25.0521089330677,0.988075732527191,0.651667198828339
848000000,59.2910558318136,24.8088682897906,0.875541005197782,0.674023911388335
860000000,59.2884919378272,24.5613002365155,0.649060017883255,0.662580419382815
872000000,59.2646434571357,24.3262643753747,0.570722639711626,0.81091012750168
884000000,59.2331153140137,24.094961110629,0.484917959271064,0.591274662224164
896000000,59.2050550241162,23.8671217653927,0.451546359367245,0.556880733336882
908000000,59.1817545918244,23.6447677402625,0.420734343438513,0.498317049557446
920000000,59.161661434178,23.4472912121932,0.536418735718825,0.45351592941153
932000000,59.1377225901861,23.2682058760018,0.618135242059705,0.53941588477896
944000000,59.0886685746732,23.0926593277605,0.530780985687426,0.627799912712108
956000000,59.0327259265594,22.9238725347478,0.641616155547328,0.595720643849369
968000000,58.961148738578,22.7346464245183,0.613902492529698,0.526899107633494
980000000,58.8805854538833,22.548206554581,0.573280288797275,0.547487653738573
992000000,58.8200329809011,22.3591104177858,0.49051668410944,0.539117316473293
1004000000,58.7496611592746,22.1629619451467,0.478946723037234,0.519245809762051
1016000000,58.6607436149797,21.9676514638783,0.560173023534386,0.449599255804436
1028000000,58.5854891642642,21.772029024309,0.52281215752856,0.358302448546485
1040000000,58.4922392413106,21.555938111802,0.549189994353521,0.40978972632066
1052000000,58.4220188319809,21.3404053211323,0.576118681603317,0.412288596848777
1064000000,58.3660471143942,21.1116454310455,0.654465610354202,0.361344027000184
1076000000,58.3179445920279,20.8957954471771,0.786633416608331,0.426398248070726
1088000000,58.2698266855146,20.6695439824622,0.805288227833687,0.452259410788056
1100000000,58.2315333577832,20.4651410169957,0.738490900937037,0.569673849549882
1112000000,58.2124955502577,20.2522628679289,0.772951244316055,0.551564730923957
1124000000,58.1950788240577,20.0386287434259,0.778153774477238,0.630863948250128
1136000000,58.1977263686082,19.8307497396577,0.722181213451271,0.717770607134675
1148000000,58.208841626586,19.618401290854,0.658710206770751,0.807991004038193
1160000000,58.2193252384583,19.4246017788207,0.601492298173109,0.83954627918156
1172000000,58.2515549391919,19.2513462466887,0.625567509394103,0.92776709254389
1184000000,58.2804690046597,19.0819070975272,0.488957006971809,0.97822465933855
1196000000,58.3156131383299,18.9281418957145,0.400605855820358,0.946750141137452
1208000000,58.3609823686177,18.7884989636743,0.401505807863759,0.908659434691429
1220000000,58.4060096075503,18.6649338497904,0.407516433217804,0.839107223520955
1232000000,58.4560093306533,18.5468745370558,0.32783093699454,0.821248420500279
1244000000,58.5100816787385,18.4379043438434,0.396039055200495,0.751313189383821
1256000000,58.5597170549779,18.3382072689332,0.341865342626944,0.664009511334103
1268000000,58.6069805801951,18.2479452062388,0.303482578610576,0.566388925031856
1280000000,58.6496819075442,18.1691346622594,0.453110694358376,0.468007135576198
1292000000,58.6936165113408,18.0946858918952,0.340333509723521,0.275323701705516
1304000000,58.7375498405919,18.0398411890585,0.398725796142757,0.203879809020621
1316000000,58.7719771738805,17.9788433014316,0.318593867584799,0.093962197558798
1328000000,58.7926953316469,17.9303196389589,0.386993023747894,0.201972084413227
1340000000,58.8126854426983,17.882188234319,0.297637447432881,0.294694762410036
1352000000,58.8187624600551,17.8333024976757,0.395350339341561,0.387130009846777
1364000000,58.8170106539332,17.7837346661482,0.451896808425568,0.313019062148785
1376000000,58.8079273551998,17.7377274761171,0.538686112951668,0.331711061206375
1388000000,58.7849632287807,17.6868408657693,0.656269715832648,0.282422708807463
1400000000,58.7643181217199,17.6335501026464,0.686097331093337,0.245571402010988
1412000000,58.7289642972792,17.5725362308058,0.68727391093346,0.166991372642131
1424000000,58.6890682326015,17.5161992409042,0.689518617754553,0.0740813012012229
1436000000,58.6453840582557,17.4548160051991,0.726012247769949,0.0913205464015985
1448000000,58.6016561919923,17.3867546147894,0.762536841624973,0.098779679989689
1460000000,58.5568856043378,17.3203830901587,0.812189371469512,0.131917946779401
1472000000,58.5142791774925,17.2479639203654,0.811815597408372,0.201442562224068
1484000000,58.4714645923602,17.1621196916655,0.860492445582906,0.233320387045058
1496000000,58.4298064570756,17.0778113137843,0.871043869771955,0.291093380949295
1508000000,58.3823344928445,17.001069932219,0.919260004386398,0.338636056151464
1520000000,58.3398406531755,16.9276257674003,0.894162580948067,0.405432407438402
1532000000,58.2942128338232,16.8424501479199,0.908834834512472,0.496208969611793
1544000000,58.2583216522949,16.7683463086673,0.844677859829895,0.58064030255453
1556000000,58.2280291713013,16.685910075795,0.80734441020435,0.635143163440536
1568000000,58.1987489263313,16.6016404968521,0.771351344658797,0.747562270883611
1580000000,58.1785959271321,16.5172294344712,0.773154896878952,0.703433410817576
1592000000,58.166811654408,16.4370564887199,0.676032912296419,0.723751862419793
1604000000,58.1597770196815,16.3657796477985,0.649886220979742,0.794733293025579
1616000000,58.1602307099926,16.3019270754763,0.578993438494428,0.740305676952099
1628000000,58.1674581598092,16.2502918983134,0.54103765685795,0.699558932396699
1640000000,58.1822809980294,16.2005889501519,0.451546449041047,0.771067553293072
1652000000,58.1953002730689,16.1527288878094,0.452663216263939,0.674486762866797
1664000000,58.2074391619298,16.1075038129127,0.483511365635563,0.641077819482931
1676000000,58.2126534529376,16.0741418110657,0.419927626654702,0.585822448199812
1688000000,58.2237726648624,16.0473603983718,0.463617036726503,0.598053815286224
1700000000,58.2292903943907,16.0190100438714,0.453412421865762,0.592475096636274
1712000000,58.2290532364165,15.997662451,0.513670414433144,0.588250501183734
1724000000,58.2205831704811,15.977562231527,0.299579162572891,0.540652973291616
1736000000,58.2051485809006,15.9537461440514,0.480184709507548,0.611616008254778
1748000000,58.1876098437696,15.9267784556883,0.383408425613685,0.564984316005831
1760000000,58.1738704842231,15.8950707822653,0.384436959654777,0.489741173207752
1772000000,58.1523172649828,15.8647282922627,0.361573413231994,0.494362954945087
1784000000,58.1346602540215,15.8250225309471,0.404186018707127,0.501365458917079
1796000000,58.1206642790601,15.7844281921515,0.359892379740155,0.508669230089948
1808000000,58.1011780591326,15.7458038723278,0.371704933552406,0.478095314425604
1820000000,58.0806560305231,15.6964717280094,0.38547485062807,0.478951093902273
1832000000,58.0665921540624,15.6489837157955,0.379247425946006,0.44968635844917
1844000000,58.0467396877149,15.6112622478237,0.385030974396446,0.42031781175907
1856000000,58.0296690014416,15.5734351945581,0.402061990927018,0.388445812317744
1868000000,58.0153715342794,15.5372455220274,0.392006591508535,0.338671336892489
1880000000,57.9972345531349,15.5013742104066,0.406100830971167,0.322869967562727
1892000000,57.9719324864779,15.471929045485,0.372137471343408,0.333197447381177
1904000000,57.9429974888647,15.4429356489124,0.431960410696147,0.297137299577827
1916000000,57.922042231641,15.4118458013295,0.376022125716978,0.268753871554758
1928000000,57.9005305063423,15.3796260521776,0.34793527355919,0.231486330157745
1940000000,57.8768989833531,15.3503786745028,0.381074573887415,0.232006687583089
1952000000,57.8511386648639,15.3212118706461,0.432703102640118,0.116601850261304
1964000000,57.831310019536,15.2943217748062,0.429298939666459,0.0906286398700466
1976000000,57.8114937728987,15.2626420837032,0.39748914762042,0.143270892375938
1988000000,57.789983716741,15.2300930056683,0.412703170101056,0.0914744968354437
2000000000,57.7654747796581,15.1977253973297,0.392241321057024,0.108854934024994
2012000000,57.7498132820979,15.1742011215475,0.309428511311008,0.0706213781929073
2024000000,57.7324884123817,15.1524740701039,0.459689807334821,0.0866611258305436
2036000000,57.7149181809794,15.1301700940349,0.453066920231695,0.0905063173843297
2048000000,57.6955155104889,15.1047904886706,0.427879658883347,0.0348458794670568
2060000000,57.6686691138667,15.0835280962081,0.465522988677929,0.0838898547812003
2072000000,57.6417912126098,15.0599210264171,0.530504831121265,0.0843831401001832
2084000000,57.6161698906427,15.0352161559749,0.445541382987156,0.11262274301804
2096000000,57.5934360424076,15.0138935154092,0.469528473560872,0.153007071276205
2108000000,57.5724672158997,14.9909582836941,0.528819225396465,0.136369534563421
2120000000,57.5472275780751,14.9669995134519,0.489335441907646,0.226166931000255
2132000000,57.5221230531794,14.9456627241872,0.561220987273271,0.207294861163947
2144000000,57.4964231204875,14.9275779980611,0.565554438561759,0.223178352117708
2156000000,57.4662930273604,14.9062077351878,0.570623675130735,0.244357262879279
2168000000,57.4434361075685,14.8875779346047,0.58840666794753,0.267349845001732
2180000000,57.4226956085667,14.8643164943617,0.569437513147989,0.275836723253106
2192000000,57.4001960572704,14.8434863060201,0.554319157653958,0.345382878268287
2204000000,57.3800168212105,14.8206298433042,0.592292027121325,0.29836371449848
2216000000,57.3657122687695,14.8003128504539,0.616979829347151,0.304261464370533
2228000000,57.3472563608167,14.7822429876882,0.620828587301148,0.325531918442069
2240000000,57.3335784334235,14.7672524238923,0.56604750128023,0.323858807574824
2252000000,57.3181470949842,14.7502868374248,0.572297971203333,0.313871429341619
2264000000,57.3100189241014,14.7363873640512,0.588277063404283,0.315409720257477
2276000000,57.2952423835922,14.723809122515,0.553411529296615,0.323055519247318
2288000000,57.2871164560888,14.7107924434735,0.50974977132761,0.332553007654923
2300000000,57.2774571765997,14.7028481390375,0.507768586818712,0.362707640892328
2312000000,57.2678491733039,14.6946181535587,0.501481895557348,0.332360977226616
2324000000,57.2560903228661,14.6845752644202,0.519056655608214,0.353242234515739
2336000000,57.2481543525398,14.6840911261849,0.479394249285959,0.340335292960122
2348000000,57.2423505540629,14.6855297012593,0.462417430076001,0.311272476319475
2360000000,57.2367971775147,14.6859327250589,0.477350956924573,0.3333191095166
2372000000,57.2268335061288,14.6893735529119,0.457696320972369,0.373361887435137
2384000000,57.2185908117294,14.6817612688629,0.508036071179345,0.315335963652977
2396000000,57.2131872653724,14.6752296777705,0.406201290323644,0.331931738457964
2408000000,57.2009224239943,14.6709162952571,0.404537323564156,0.332861013430233
2420000000,57.1925099932816,14.6632095473948,0.461317954504021,0.275796734466714
2432000000,57.1807924039263,14.6578876451968,0.435574523854231,0.31024266898804
2444000000,57.1723537344233,14.6521150863912,0.410455267186908,0.293841585438824
2456000000,57.1609481240353,14.6433357229155,0.45063564201691,0.257824225040539
2468000000,57.1492139452815,14.6339529247715,0.47972523899267,0.249290215923118
2480000000,57.1383543928124,14.6233692375151,0.459574470070802,0.218880237961823
2492000000,57.1283028694915,14.6108841539688,0.331239038147823,0.212662157607837
2504000000,57.118300448839,14.5993350759232,0.398133607416464,0.212842831609958
2516000000,57.1086393866602,14.5914756558885,0.448216356064596,0.1924011342807
2528000000,57.0945286956557,14.5797598951123,0.379360415079559,0.168900547403098
2540000000,57.0888418024898,14.5793159334643,0.461886969288773,0.198032873216111
2552000000,57.0762413751462,14.5749788405364,0.355828991624134,0.147582578711336
2564000000,57.0675725053131,14.5710928546391,0.439536821352423,0.212679644088122
2576000000,57.0491147830446,14.5657125293982,0.39211542695227,0.183448717808597
2588000000,57.030734449078,14.5653078405671,0.384107319765644,0.120000377542608
2600000000,57.0053431815824,14.5656898947254,0.389864245004773,0.150126436634236
2612000000,56.9800770122491,14.5689636902684,0.376584688414509,0.111632767099101
2624000000,56.9486542244913,14.5660803548096,0.352011374866504,0.154721455195498
2636000000,56.9165870596549,14.564838558007,0.404724643144905,0.0959794754623996
2648000000,56.8750530416048,14.5642351216429,0.437489876293631,0.0666605552146666
2660000000,56.8311416669218,14.5572539114709,0.422360915712774,0.0718771671270842
2672000000,56.7850382655508,14.5548188044682,0.424424687101343,0.122110805806135
2684000000,56.7380625383314,14.5513156583888,0.432294447547522,0.138100049684142
2696000000,56.6867545259169,14.5455088117697,0.504156346824545,0.198532066601533
2708000000,56.6304773020339,14.5363246003674,0.526914614701687,0.0769046294190828
2720000000,56.5775741673052,14.5261989260299,0.527746008020318,0.0963369733864194
2732000000,56.5257570898884,14.5043186933952,0.596532219581208,0.110345332392234
2744000000,56.4756447375238,14.4920594809442,0.591276229834255,0.121046186563541
2756000000,56.4209042277443,14.4748948246976,0.646898414979331,0.123431430329156
2768000000,56.3763721841369,14.4497024658579,0.658914608158037,0.135795860573155
2780000000,56.3360366216375,14.4256386357648,0.733688826888696,0.0861425651354439
2792000000,56.3078275767742,14.4030188424105,0.698742870344979,0.146719549753209
2804000000,56.2798767354335,14.3779993285233,0.663997516690692,0.137424486379328
2816000000,56.2609528181991,14.3542728801282,0.74129430449433,0.0679582466180512
2828000000,56.249807043865,14.3332653533113,0.717187175088829,0.0899563356721708
2840000000,56.2423632777584,14.3168552693813,0.695899837113374,0.216092736804126
2852000000,56.243262830443,14.3036616068495,0.696550582026495,0.101016810583573
2864000000,56.2486927589708,14.2971176081974,0.642116837261335,0.222391116481987
2876000000,56.2606409319832,14.2907910524507,0.659998538838453,0.22216464631041
2888000000,56.2813826515376,14.2949749426336,0.668415523058694,0.252964515693246
2900000000,56.2899943396923,14.2932054017171,0.632061943260868,0.219309203060272
2912000000,56.3076923422074,14.2950791734034,0.623726892417384,0.241239534636137
2924000000,56.3212287739948,14.3018075711698,0.615340111094467,0.254749713122318
2936000000,56.3333751410492,14.3090110383115,0.593792624032471,0.268228547280005
2948000000,56.3447586055777,14.3212932237571,0.588482405723315,0.254001992806817
2960000000,56.353805613687,14.3343221875312,0.567036062162948,0.230369145484704
2972000000,56.3575341810011,14.3452996168774,0.583096756195902,0.275232216262309
2984000000,56.3533689790111,14.3549289850956,0.57941146637643,0.293035050468804
2996000000,56.3447455969095,14.3668740522262,0.523675138528112,0.282265772834667
3008000000,56.3312518673117,14.379299918685,0.539770061143868,0.262856481700396
3020000000,56.3121822067847,14.3884524058108,0.515329898408861,0.235538871325577
3032000000,56.2897537295317,14.3960056159286,0.544792458635935,0.22378528078912
3044000000,56.2483329599064,14.4041093847617,0.532777491205582,0.264805363298488
3056000000,56.2184933988216,14.4099652130489,0.543051705632545,0.255951994118843
3068000000,56.1826664918839,14.4101798095736,0.533591915721038,0.200061138931246
3080000000,56.1425859797524,14.417669250186,0.532829272534213,0.204386829392996
3092000000,56.1065334350149,14.4235735796152,0.548928440384492,0.232334700841081
3104000000,56.0591090015782,14.4131946524925,0.552939384066483,0.182705122637166
3116000000,56.0244372013434,14.4104058671151,0.557313642263983,0.188827383526503
3128000000,55.9863077972718,14.4031967914646,0.554314621360299,0.194117631029245
3140000000,55.9486656346681,14.4021438718827,0.546392191441723,0.168571968840567
3152000000,55.9163391052547,14.3937509203355,0.545414827662899,0.164864120497149
3164000000,55.8853342245231,14.3924543812214,0.545575582558768,0.146706202187462
3176000000,55.8569432097947,14.3854455254201,0.573876141763134,0.231255147046549
3188000000,55.8316524761536,14.3810902478304,0.581406591820691,0.172237224899414
3200000000,55.8099285476335,14.3809784305541,0.531776519384387,0.268608317167449
3212000000,55.7945678362494,14.3737802587722,0.605060466788788,0.144783912283138
3224000000,55.7842629178955,14.369745040481,0.623846473082964,0.188635536226792
3236000000,55.7701748749634,14.3657761396771,0.6096497681891,0.11685526454496
3248000000,55.7613028377097,14.3662651828023,0.561488699719912,0.264191280086041
3260000000,55.7577992814772,14.3658908533264,0.616467446574184,0.14704670707501
3272000000,55.752382683691,14.3618247595176,0.544228436193116,0.113531391677736
3284000000,55.7494242701285,14.3629765543247,0.557727041888191,0.231539590387119
3296000000,55.748698121649,14.3652043164925,0.600510839575282,0.245246193900879
3308000000,55.7493338584314,14.3697746727172,0.559233364850467,0.237564648041093
3320000000,55.7493874488,14.3776326450068,0.581123284323036,0.201247176065556
3332000000,55.7417484316264,14.3865143905547,0.551328206704164,0.18510667721059
3344000000,55.7366619085767,14.3933647447417,0.573642541586858,0.180155712300952
3356000000,55.7261587219832,14.3970596957291,0.548093199869734,0.198338556917507
3368000000,55.7175990143112,14.3971805697869,0.568784957124659,0.192947612008368
3380000000,55.7023611995408,14.4048641603896,0.642893330757829,0.229226905780052
3392000000,55.6879681984127,14.4064774689779,0.614206355199224,0.168093576331407
3404000000,55.6797482601409,14.4110126731278,0.635736751387852,0.199414501835459
3416000000,55.6589012317781,14.418889410509,0.586840475854674,0.308265013402164
3428000000,55.6401655627467,14.4317095483375,0.580057286328988,0.265055009613077
3440000000,55.6204006488858,14.4306011722553,0.578920027715161,0.338005507903852
3452000000,55.5952391200605,14.4252685191156,0.560483004089441,0.257365818093472
3464000000,55.5804993807227,14.4272540028037,0.564599230120827,0.254380892958836
3476000000,55.5613460963176,14.416607230304,0.592901234866309,0.239226478085975
3488000000,55.5364666627256,14.4067411201113,0.613908832324549,0.188180162772657
3500000000,55.5187225119287,14.3951624169489,0.586335027380344,0.245741886505558
3512000000,55.4930435052816,14.3884107761054,0.581265617731785,0.247280405873403
3524000000,55.4702197355548,14.378524604503,0.605085149075595,0.251829251895749
3536000000,55.4517236322817,14.3687185819451,0.568975984839586,0.218094165616768
3548000000,55.4414951512084,14.3627731159118,0.628112500708368,0.293285577219057
3560000000,55.4273353438841,14.3546867372975,0.641326127004728,0.246271179564316
3572000000,55.4128749691184,14.3534789907484,0.596079821537867,0.232627705702194
3584000000,55.3970893515445,14.3509538989027,0.622186508864997,0.3064653233396
3596000000,55.3855216177674,14.3589829007573,0.65460421817361,0.292363290597572
3608000000,55.3712368864667,14.3646338972708,0.696934131188941,0.29290028196347
3620000000,55.3582710654948,14.3744897882538,0.602687504191663,0.342094208453544
3632000000,55.3486279907889,14.4001014045841,0.594910605189301,0.281830517852907
3644000000,55.3379878535417,14.4197655510781,0.62852925721487,0.23495476864532
3656000000,55.3309250015453,14.4482589982171,0.589882056638897,0.250205595583302
3668000000,55.3211071252151,14.474724626659,0.62494828985554,0.29245512578897
3680000000,55.3075143858241,14.498578495627,0.562493187349403,0.229510224151002
3692000000,55.2984663708262,14.5252590269879,0.539246220274123,0.185870461247951
3704000000,55.2880807235379,14.5485486370343,0.553866607649104,0.255877606508072
3716000000,55.2803179468161,14.5746334324159,0.58188444931952,0.182474402852673
3728000000,55.2737153836156,14.6043441058969,0.576331639586385,0.27921841225379
3740000000,55.2671623875787,14.6294622111678,0.559111597890832,0.216951742297468
3752000000,55.2592981646772,14.6580434903225,0.538112910205354,0.243290943589062
3764000000,55.2572427114892,14.6845056789986,0.54871470292787,0.247090699167457
3776000000,55.2540456339085,14.7057157773762,0.583143411203382,0.244682182067342
3788000000,55.2493654706033,14.7152055385702,0.552498718746805,0.256520345818993
3800000000,55.2491731769815,14.726382791269,0.552120087614989,0.249905537561571
3812000000,55.2417171714961,14.7299967156578,0.552332974136363,0.308361399889435
3824000000,55.2321167382573,14.7309762452871,0.534157495291333,0.277400083362793
3836000000,55.2134682658759,14.7349609625603,0.533245273089534,0.276173926767398
3848000000,55.2107338750315,14.7408209999839,0.557510426268592,0.234923546299975
3860000000,55.1991270856585,14.7363971291758,0.543131368041052,0.211728547301461
3872000000,55.1902887848051,14.7450641013623,0.509083656014,0.267250223672261
3884000000,55.182922715158,14.7468916333291,0.527852682716544,0.276282816912918
3896000000,55.1748485700465,14.7469650268417,0.528444382079148,0.232939900433202
3908000000,55.1623353691447,14.7440163975515,0.54414666815387,0.228343559296861
3920000000,55.140893236694,14.739892919711,0.535206566648494,0.275374685954721
3932000000,55.1207005277107,14.7427618126739,0.529438138515048,0.271407141790417
3944000000,55.0982154745786,14.7517385959571,0.534857553308596,0.265416807928176
3956000000,55.0683553765011,14.7628196112208,0.588130979723833,0.204541095594252
3968000000,55.0400705147803,14.7705147595579,0.574719820992899,0.250798372095977
3980000000,55.0138201418628,14.7826071282643,0.573624425225867,0.300046291952235
3992000000,54.987975333425,14.7891130031762,0.569635681930796,0.175943773177372
4004000000,54.9613031243345,14.797456411612,0.680136844530238,0.203059723305425
4016000000,54.9346929586097,14.8087794133987,0.682137084668631,0.220809189183535
4028000000,54.9092604929304,14.8257617271863,0.583454651119738,0.427681302895826
4040000000,54.8835844292461,14.8385343799262,0.550577211781273,0.257096288043398
4052000000,54.8590629323246,14.8443683282496,0.599829872520202,0.209528065844035
4064000000,54.8339698392283,14.8588915577047,0.628923768399451,0.270514537192086
4076000000,54.8091113578876,14.8709613217465,0.52909471613605,0.263666904310733
4088000000,54.7869389103259,14.8820788082532,0.573589692459396,0.206237827005743
4100000000,54.7708222164586,14.8960859357312,0.583235670759873,0.239820069479466
4112000000,54.756085745042,14.908155265821,0.578452470986622,0.238723632077115
4124000000,54.7360328857997,14.9233911300839,0.594297642263033,0.265101230311199
4136000000,54.7158941216189,14.9335814991563,0.576816996448251,0.254809957823344
4148000000,54.6976578729366,14.9477224227802,0.637815757909018,0.228621695129901
4160000000,54.6721829845225,14.9540532452842,0.649184915115547,0.290903135378319
4172000000,54.6549497621094,14.9654198560267,0.63431410138537,0.229447697335891
4184000000,54.6385856011615,14.9719189858796,0.644891829684538,0.275362446306676
4196000000,54.6309128206733,14.9758569713892,0.634010697407347,0.28618736838202
4208000000,54.6179221673997,14.9813454526583,0.603616028100483,0.227221130937496
4220000000,54.6018865967508,14.9882155803567,0.641988563922945,0.291429658508175
4232000000,54.5867534050851,14.9845781164168,0.628535066799099,0.265536779796517
4244000000,54.5720453505175,14.9862570103617,0.623957672354397,0.206882964582839
4256000000,54.5544214021277,14.9967631044578,0.604400994784123,0.2114119400675
4268000000,54.5275628769436,14.9993164672084,0.610089979914139,0.253126243786909
4280000000,54.5157569779089,15.0036820000519,0.604604216180927,0.252423297174397
4292000000,54.4952078887898,15.0110224673966,0.595404834116127,0.258645692785764
4304000000,54.4778413103609,15.0200539496019,0.586380658845765,0.259359966529177
4316000000,54.4664932959368,15.0283583819024,0.612329775453094,0.220396174366592
4328000000,54.450562596486,15.0415413654544,0.53392879346315,0.24262687963171
4340000000,54.4357843579277,15.0562590133732,0.640971290367562,0.252901524539472
4352000000,54.4206725379746,15.0713460921666,0.702729871406362,0.139559519648108
4364000000,54.4063592660482,15.0874320054442,0.704971581249188,0.322593665429759
4376000000,54.3896527553152,15.1026703759286,0.712468733112865,0.353963372586503
4388000000,54.3730079952933,15.1124228694695,0.690608306375081,0.253179415535361
4400000000,54.3611917113328,15.1259739615356,0.636487104395794,0.43655164897172
4412000000,54.3472977936166,15.1459174125281,0.678602963877047,0.239196958639495
4424000000,54.3358287307252,15.1613620171747,0.626310055691259,0.29272238074621
4436000000,54.331491194014,15.1806144502696,0.599004465200278,0.323332669817775
4448000000,54.3226931348524,15.2039138582653,0.613318376898029,0.200972635392835
4460000000,54.3128623919228,15.2260534111329,0.608249481513458,0.222710760049258
4472000000,54.3023553290455,15.2476827105713,0.650374780608861,0.266053542465996
4484000000,54.2961808879051,15.2634771451227,0.624677384428896,0.300040971058026
4496000000,54.293201382978,15.2770905123406,0.530037761887763,0.271235626294039
4508000000,54.2859195114024,15.288297753528,0.581581786955521,0.254886274090394
4520000000,54.2851115195422,15.2990079794983,0.555652331315765,0.275392919686805
4532000000,54.281833109113,15.309486027914,0.571598846456818,0.239254401924763
4544000000,54.2807688978469,15.3171599731488,0.530444529678185,0.234152066588549
4556000000,54.2761654445141,15.3279984896005,0.530797500005357,0.290328932114382
4568000000,54.259999742025,15.3318730525975,0.59128508038002,0.234462540807703
4580000000,54.2486756231602,15.3420065266164,0.566484042773978,0.287230704565044
4592000000,54.230387989022,15.3478615712572,0.539047191709744,0.279219769039608
4604000000,54.2133227999517,15.3446740535133,0.596800154266135,0.267078053597677
4616000000,54.1946640619095,15.3377417149645,0.572998008150888,0.318286662893491
4628000000,54.1790944471346,15.3393034236958,0.562970637496864,0.300488735370867
4640000000,54.1460842320557,15.3229801142948,0.585188841784567,0.295445598202059
4652000000,54.1117757122905,15.3006496784775,0.577409306212709,0.302004620466809
4664000000,54.1038266170383,15.2904103163835,0.577931242985094,0.309722135420046
4676000000,54.0663307767074,15.2956797433694,0.579828028258958,0.261332185791812
4688000000,54.0523974161052,15.293318069115,0.57801162110737,0.265445102949399
4700000000,54.0220600505816,15.3412494361642,0.582904276795891,0.316548700757871
4712000000,54.004010855083,15.3789093058743,0.602506142483855,0.26150980405744
4724000000,54.0211009993018,15.4093162692642,0.583771537851391,0.282370345187124
4736000000,54.0150330341609,15.4200011831408,0.572085961089908,0.241021240563764
4748000000,53.9789451402148,15.4565285318498,0.578469167866806,0.273968520532051
4760000000,53.9508156428392,15.4858356518621,0.551834491413779,0.374703556295012
4772000000,53.9342427918018,15.5387013759803,0.582985980036882,0.28577540849129
4784000000,53.9003457699321,15.616383593753,0.628469846513791,0.337335332934119
4796000000,53.865376934784,15.6668905893989,0.61391167893682,0.324094353775823
4808000000,53.8433950503341,15.7174749315033,1.2236090488356,0.566300235408429
4820000000,53.8458326359077,15.7518404380375,0.552084014550195,0.367438842767692
4832000000,53.8398034905734,15.8004460485187,1.20280197470927,0.782381726690501
4844000000,53.8483364648905,15.8531904532354,0.347797821532349,0.422793755705117
4856000000,53.8443356527349,15.8794629278394,0.719535607459277,0.5808677862697
4868000000,53.8629700747295,15.9202054414883,0.922493551764305,0.639387207747212
4880000000,53.9085467003688,15.9494501362488,0.397208969833881,0.354113596086973
4892000000,53.9403314755257,15.9630619799833,0.694327835616258,0.277862941409398
4904000000,53.9545125344031,15.9882991624173,0.395465482916611,0.376517176947237
4916000000,53.9907515722189,16.0145612082518,0.647825791389212,0.160078858057864
4928000000,54.0239485620755,16.0154262645075,0.528537796198127,0.755727729620237
4940000000,54.0213449289209,15.9923825073397,0.597874225246217,0.346091498341606
4952000000,54.0286206445179,15.9763822984819,0.577870067749019,0.38105218992465
4964000000,54.0533851493479,15.955858021342,0.672326672449296,0.33740732886042
4976000000,54.0618790364258,15.9270166903444,0.459366994452629,0.549074448673481
4988000000,54.0873854552563,15.9039114396336,0.451456374598613,0.531738946312299
5000000000,54.1018768760151,15.9078605118586,0.380569468660329,0.453466129540583
5012000000,54.1636129865548,15.9327091038223,0.625448395560982,0.616511307585947
5024000000,54.1582543296743,15.9221817660693,0.485277402396464,0.24197167399605
5036000000,54.1486531098924,15.9151417692011,0.383935875212701,0.512976191710383
5048000000,54.1434684446752,15.9382085100917,0.405793021483942,0.746531018925394
5060000000,54.155864341313,15.917521912582,0.313287587739047,0.313532653685099
5072000000,54.1507949547586,15.8897370647981,0.437866620196786,0.534149187844875
5084000000,54.1340044966025,15.8896172627671,0.4858156160789,0.0744316037768433
5096000000,54.0894951267681,15.9197635081186,0.487780322608269,0.247318471597431
5108000000,54.0750130549112,15.8979985824952,0.380868355511966,0.479932881047104
5120000000,54.0542131442927,15.8825894691976,0.7826417709465,0.568244702043429
5132000000,54.0110466821444,15.8565089997794,0.803446254986289,0.32309601022526
5144000000,53.9674764329193,15.8343038392477,0.685640978814413,0.943528887016819
5156000000,53.9044516411883,15.8112746395818,0.719567183234234,0.455317558654566
5168000000,53.8664691618074,15.7864647690769,0.363489410458345,0.914260372123351
5180000000,53.7981930766743,15.7875653413037,0.892101083625676,0.806131926776058
5192000000,53.750985764186,15.7714722919485,0.717534478745901,0.748699932563703
5204000000,53.7287295777395,15.7307744724201,0.268698075968558,0.838916240722997
5216000000,53.7355068906903,15.7418498622812,0.648303694001842,0.274517658243759
5228000000,53.7103253512695,15.716603894497,0.525756771871467,0.632736931212171
5240000000,53.6606421579793,15.7201773400394,0.464418950552732,1.25040240030613
5252000000,53.622102191619,15.7671111594923,0.562626613392872,0.463886718613385
5264000000,53.5872339019624,15.7661887838741,0.965100186232746,0.694882362957695
5276000000,53.5300189143043,15.7754262722742,1.13748644585002,0.61669462803596
5288000000,53.4928184936243,15.8082028609993,0.583165999008056,0.325251712647636
5300000000,53.493819934646,15.8781918582048,0.849501167938,0.490849623642619
5312000000,53.5004921039724,15.927845113142,0.583462257029432,0.671601779590669
5324000000,53.4741319460387,16.0000041480435,0.236049004231131,0.870365675584671
5336000000,53.5006790589153,16.0611456175459,0.424006798168979,0.454710261957915
5348000000,53.4357245542975,16.1119182254009,0.420795276692124,0.556407727553199
5360000000,53.4415066859149,16.1699713262156,0.43120908266205,0.312729166011374
5372000000,53.4172760386144,16.2233703231138,0.468791894978685,0.307068749875292
5384000000,53.4038090783409,16.2783483442155,0.479030570067439,0.666475364328623
5396000000,53.4335111536861,16.3347950119814,0.46469834843925,0.366717697875287
5408000000,53.4999568724215,16.4015485259032,0.421146062764707,0.358380812639387
5420000000,53.5027366865675,16.4419822313527,0.716633554016634,0.716510064052924
5432000000,53.5849148725623,16.4485625746516,0.554049939496629,0.570020012544671
5444000000,53.5928804133235,16.4734909641028,0.255345966719986,0.304818175377803
5456000000,53.606522537938,16.459020615791,0.68156257604909,0.304595841845333
5468000000,53.643795954401,16.4032001491414,0.76096331432409,0.466442431164934
5480000000,53.6544557154832,16.4020700104334,0.110937875115725,0.424474776588642
5492000000,53.6238737675002,16.3994178899938,0.342229261392066,0.434499543230224
5504000000,53.6407824503351,16.3502778775599,0.618097778743988,0.184300134370537
5516000000,53.7299277498326,16.3384683369385,0.641372318501116,0.650728192474534
5528000000,53.7383264908832,16.3005039559873,0.773957962424228,0.384515489061867
5540000000,53.7308779601898,16.2847104192676,0.536984657067235,0.845047371035713
5552000000,53.7473896445598,16.2320422451982,0.731800590950873,0.390433262482861
5564000000,53.741230422355,16.2182704264384,0.421120518430657,0.475430240202043
5576000000,53.7419897656866,16.2039622394401,0.809249096124867,0.465018959347558
5588000000,53.7401662310309,16.2195873860181,1.50112665077649,0.462075977386019
5600000000,53.7343492512751,16.2281420859969,0.848664102245223,0.603236830820227
5612000000,53.7311071142843,16.1818467914861,0.337299976943081,0.115164957712915
5624000000,53.7604965435685,16.2226079529844,0.563452596165323,0.60323106805426
5636000000,53.7530279350506,16.2339915031905,1.10638599219404,0.454078310875492
5648000000,53.7453578829979,16.2593168081556,0.269324509954931,0.414288580980592
5660000000,53.7041310626046,16.2609663407672,0.931172268546427,0.777649925910693
5672000000,53.6774741353685,16.3177334359116,0.612341706687525,0.778883601409228
5684000000,53.6438416981863,16.3388541528706,0.916458465340258,0.873424544017986
5696000000,53.5540609304149,16.3846601365558,0.901413784346999,1.07476909413813
5708000000,53.5580447462072,16.4663552158654,0.90111370940533,0.727131042321516
5720000000,53.5355229179352,16.5280073922645,0.678800331803082,0.861934716041076
5732000000,53.526420415836,16.5524459056261,0.31881025933077,0.671990908118991
5744000000,53.4853701510116,16.5785869141099,0.502971369529016,0.848284993920694
5756000000,53.5048797352067,16.6262269662368,0.645891881753421,0.452978509113052
5768000000,53.4404542494702,16.6582910972103,0.48703680291656,0.491172920491578
5780000000,53.4795160065431,16.7066396040518,0.41449807672332,0.589698208270296
5792000000,53.4357821137296,16.7650329390069,0.890653631852284,0.694535391799087
5804000000,53.4238949358566,16.7616329447332,0.561667067382952,0.378440191556213
5816000000,53.4064430887987,16.7802713280496,0.785738027355616,0.29260118977442
5828000000,53.3903964413728,16.8570335791843,0.44770102135227,0.424941876591956
5840000000,53.3479064154711,16.9019813325137,0.415059125379528,0.423012039092134
5852000000,53.3697707837757,16.9438644253488,0.227850289287264,0.754242720146272
5864000000,53.3230693051689,16.9631075385641,0.514108575114891,0.377935407139067
5876000000,53.2229681543668,16.9698876675337,0.430419178639446,0.344378124109286
5888000000,53.1506667768244,17.0375446207522,0.419839495630322,0.723446275103507
5900000000,53.1617040616005,17.0046871161745,0.588934323818736,0.437805972111625
5912000000,53.171867977664,17.0130911928156,0.538999777061955,0.621386831667408
5924000000,53.1413556617993,17.015718085865,0.339367249555965,0.678451805370614
5936000000,53.1301412204844,17.0144904503149,0.365764963362816,0.69816467769205
5948000000,53.1419351085418,17.0085875039717,0.937219972904873,0.526435686129977
5960000000,53.2254213687755,16.9916611015948,0.594097659935579,0.800051996401206
5972000000,53.2632655891477,16.9538543872363,0.600218632404378,0.467923867915917
5984000000,53.2546544140594,16.9042651994352,0.834720037376679,0.753700982976089
5996000000,53.2562153927554,16.8804134620513,0.32257373931063,0.574324722844709
6008000000,53.3140134354907,16.846374639868,0.729683336476123,0.425770524722958
6020000000,53.3735267850439,16.8208417063856,1.09131097417701,0.795733266959214
6032000000,53.4011820036568,16.8061682951005,0.41348221915654,0.681462305876025
6044000000,53.4328057318534,16.7786688466018,0.416247899488211,0.420152585965911
6056000000,53.4473211972944,16.7740129390809,0.166897900140752,0.825193466015598
6068000000,53.4564196472375,16.7362591699939,0.194429651770795,1.68146033372803
6080000000,53.4721798293358,16.6890935006004,0.571338466345435,1.44415058926145
6092000000,53.4475380967514,16.6881171114225,0.57075869533953,1.06635762537781
6104000000,53.4741331081404,16.713631268035,0.556886880145111,0.535720406114713
6116000000,53.4435713594258,16.7179791516664,0.612524909982417,0.968285289845217
6128000000,53.4558258471522,16.7893008898142,0.332149718272559,0.404139345916996
6140000000,53.3741983769778,16.8188245447121,0.591702486664832,0.53751822988091
6152000000,53.3165710650539,16.8764790740901,1.03982261044878,0.829058588402913
6164000000,53.2131882402098,16.9538262150415,0.508691603721844,0.264501769615124
6176000000,53.1512613757396,17.0130295150841,0.414350443506114,0.57398109316471
6188000000,53.0631617280445,17.0614595963057,0.45854945368513,0.521409834587769
6200000000,52.9970251982581,17.0924555246698,0.705418491713966,0.642935976863302
6212000000,52.8817207864743,17.152837498843,0.510097837637599,0.475221210911143
6224000000,52.8054070919232,17.1737316676623,0.188467108869489,0.677653180232976
6236000000,52.71267232507,17.2580439354559,0.538637996249743,0.409007989137802
6248000000,52.6332102999255,17.2497408187928,0.399921126445874,0.285814308704867
6260000000,52.5504069579399,17.3111091384149,0.572074220853396,0.503014370850306
6272000000,52.4715567620763,17.3172145159809,0.554460708258484,0.433050280139644
6284000000,52.5009194283461,17.317630637911,0.43025235634273,0.506429140126397
6296000000,52.4759340186409,17.3433801540857,0.77823914978951,0.411959546923193
6308000000,52.5382406463601,17.3559999222636,0.967195330879135,0.364243721762239
6320000000,52.5221691375623,17.353937626597,0.41112458172321,0.865315271769698
6332000000,52.509577358178,17.4004854806884,1.18846626696815,0.94241108085621
6344000000,52.4814950718613,17.432777230365,0.61316017953018,0.55085852917151
6356000000,52.4550698964236,17.4664793562366,0.58141579497382,0.799535627202539
6368000000,52.430301831865,17.5015918583033,0.833851657965817,0.437753294605953
6380000000,52.4071908781855,17.5381147365651,0.340867793204692,0.396675040156735
6392000000,52.385737035385,17.576047991022,0.845666331272168,1.17010956377887
6404000000,52.3659403034637,17.615391621674,0.485922250260775,0.712111949093913
6416000000,52.3478006824214,17.656145628521,1.33896010269054,1.32978796990744
6428000000,52.3313181722582,17.6983100115632,0.736227164425276,0.607071375880259
6440000000,52.3164927729741,17.7418847708004,0.755847196852738,1.03275301345901
6452000000,52.3033244845691,17.7868699062327,0.640151299853947,0.8495829120351
6464000000,52.2918133070432,17.8332654178602,0.953633019361274,0.687783866752699
6476000000,52.2819592403963,17.8810713056827,1.04956573098038,0.986586501540438
6488000000,52.2737622846285,17.9302875697003,0.800809193195223,0.388995664479102
6500000000,52.2672224397399,17.9809142099129,0.861771463867336,0.583196581517781
